,amp1mean,amp1std,amp1skew,amp1kurt,amp1dmean,amp1dstd,amp1dskew,amp1dkurt,amp10mean,amp10std,amp10skew,amp10kurt,amp10dmean,amp10dstd,amp10dskew,amp10dkurt,amp100mean,amp100std,amp100skew,amp100kurt,amp100dmean,amp100dstd,amp100dskew,amp100dkurt,amp1000mean,amp1000std,amp1000skew,amp1000kurt,amp1000dmean,amp1000dstd,amp1000dskew,amp1000dkurt,power1,power2,power3,power4,power5,power6,power7,power8,power9,power10
LanaDelRey\03 Blue Jeans (Remastered).mp3,2.5686833333333334,7786.132164435215,-0.005683582394724442,3.8892406544246967,-0.02923171538619231,4033.64647080326,0.08564462527579758,6.906948899344997,2.5686833333333303,5721.7118907288805,0.0049165441678666755,4.374140511940895,-0.19060151002516768,6889.323736924549,0.033174213708057024,3.6978972094064964,2.568683333333336,1471.1084698423724,0.2891458922515194,8.527578315634225,0.2760826804467448,2673.7821251572636,-0.060455400491940856,8.778188230516388,2.5686833333333343,133.1504341101312,0.024750373020881383,5.916791085336425,0.050878130217029804,220.4002534340796,0.18623208929631538,6.04413772328977,0.3090612713821286,0.23297288508824648,0.11431134404614467,0.07964220709538292,0.0551951958180416,0.04328958539797192,0.05699819151988078,0.052068461365684056,0.029752674190139834,0.02670818409637928
LanaDelRey\05 Diet Mountain Dew.mp3,6.527305,10489.01042259045,-0.024929968701759432,3.176725346485553,-0.02352837254728758,4064.4647935148255,-0.06115199586855407,5.409379774764932,6.527305000000005,9103.359334482424,0.02753982400546706,3.553061216165991,-0.05107585126419277,9490.460656929381,0.08747216779019971,3.5987023907819067,6.527304999999996,2201.8682446333055,-0.09226444558916004,5.637501936561446,0.04533088848140708,3944.695229834345,0.0738324425075383,5.626110972898567,6.527305000000001,218.6117899182597,0.1331962017781821,4.0647749713386885,0.24602003338897996,365.3346934893645,-0.0829928722498469,3.9824201190451842,0.41121063896467847,0.1736797182993142,0.07562161866627748,0.08245523929045853,0.06907092190179677,0.05008589305666764,0.048076704713913454,0.03189780932196361,0.030498500891112737,0.0274029548938171
LanaDelRey\06 National Anthem.mp3,-3.89528,9281.813116811843,0.0344624551871177,3.587357956143582,-0.00016000026666711112,4462.901117093074,0.011915351232997539,5.7872307178013775,-3.895279999999991,7203.781007781936,-0.014302942921806568,4.614764883925383,-0.19728162136035451,8256.849639258257,0.0073065902704617346,4.787717009509708,-3.8952800000000036,2439.428100584579,0.1902413500473388,15.075771720674874,0.11210535089182175,4645.902546140167,0.02998888940875203,15.412402319911465,-3.8952799999999996,213.0887196930618,0.14137024068266082,7.944415149187746,-1.0011001669449078,369.37194992855103,0.01047671240656759,7.873827613312676,0.31939863059964835,0.20719518902861953,0.14155666195647543,0.10161848043212933,0.060249360938879025,0.04605904019520202,0.04397218641250654,0.03293496169845101,0.025439449741545456,0.021576038996543374
LanaDelRey\08 Radio.mp3,-6.871208333333334,8187.590695864751,0.08722286881813107,3.654199598667968,-0.0066783444639074395,3904.8411117403043,-0.011631136334959206,6.525476146776032,-6.871208333333334,6449.260423000444,0.03488388377992406,4.301505438616063,-0.028803813396890688,7279.941615994588,0.028927252454319888,4.004449902354341,-6.871208333333324,1955.648988834761,-0.05053206406189487,11.965466726908351,0.01261876979496936,3611.529980036108,0.1296019725887128,12.392999101971778,-6.871208333333331,258.05210288651966,0.2623242988216023,6.735047702430793,0.36542404006677587,470.72488294279674,-0.1220297399966103,7.174840633127398,0.3450919641092748,0.20824043206530726,0.11072595507458739,0.08224272898240725,0.06399596200070268,0.05164021108929406,0.04343983781742911,0.037212026852227166,0.030005609266216423,0.02740527274255384
LanaDelRey\11 Summertime Sadness.mp3,0.5087983333333334,8074.077751029271,-0.01937103505827538,3.6807829427292873,0.020025033375055627,3938.4250211774684,-0.1190693695574188,6.283057606943863,0.5087983333333301,6456.348670094557,-0.008654633977094988,4.010984375142754,0.20628177136285075,5830.281396914288,-0.07147973615083754,3.9822490721922326,0.508798333333337,2566.5888092639366,-0.035037136106010926,5.162813751562094,0.07766627771296249,4800.251997819987,-0.08054488167297966,5.297744112882762,0.5087983333333346,223.55422685858795,-0.24360170334765543,5.167937750251825,0.18105008347245422,393.79276256155845,0.09621621578225198,5.264397367670502,0.3088240366037748,0.21668196655926278,0.12131116453603753,0.08883603180325755,0.059809840852309254,0.04961117283803624,0.04820540313854042,0.03560177097640633,0.040147190124766155,0.0309714225676092
LanaDelRey\02 Off to the Races.mp3,-0.025618333333333333,8100.552595020418,0.0038609007015101607,3.613175095403229,-0.015218358697264496,3483.3038698602145,-0.10720642118364695,8.200709617842898,-0.02561833333333416,7025.032895543825,0.0028552842314080056,3.622334085935109,-0.13847564126069048,5477.373450960613,-0.013545416470946014,5.213361801912247,-0.025618333333329777,3363.905913880641,-0.015865110609119576,3.861821994084215,-2.2850158359726622,6205.076430755562,-0.028992434256438097,3.968335376932157,-0.025618333333333965,244.58433821126542,-0.4262950002366353,4.598226994385222,-1.6193606010016703,383.87844162128476,-0.17552816703275986,5.255769974111308,0.3477968614098337,0.1737780415231317,0.11593653715570017,0.08268717845483288,0.059132515908298426,0.05762901842651824,0.05640661998986733,0.04774971464225108,0.03455399729899877,0.024329515190567735
LanaDelRey\07 Dark Paradise.mp3,-6.557611666666666,7753.279973765353,0.06917397061193568,3.728066696465111,-0.007195011991686653,3096.923763297685,0.08305040684732584,5.479077570225179,-6.557611666666667,6690.426014904263,0.012652579770424192,4.233944756514533,-0.0766629443824025,5254.782897077701,0.035655606945842695,3.852989375437891,-6.557611666666662,3646.2876498644996,-0.017526150802114757,4.281400237798806,-0.12656442740456975,7169.601609901471,-0.002908540981489,4.31085520055605,-6.5576116666666655,230.27633818907853,-0.37389114555539543,3.359521179976307,0.024859766277129172,330.900711629327,-0.4154795520780244,4.175469428264885,0.3386311853850585,0.20450984492027927,0.11975573713018416,0.07988855616723173,0.06079553635161222,0.04781999577520769,0.03813696233617377,0.030798393425838497,0.040059807698420595,0.03960398080999353
LanaDelRey\04 Video Games (Remastered).mp3,2.9170766666666665,5563.624089238392,-0.31034510977055657,3.6023406740021207,-0.0048250080416800695,2380.595962027214,0.809331989011705,12.594089471034334,2.917076666666665,4266.4516006503645,-0.20464067737835662,3.193738920143814,-0.06424607076784498,5912.581666089101,0.04305896076399283,3.1818096083653473,2.917076666666667,532.6237341673645,0.033734179315578046,4.242123512888529,0.044074012335386444,889.8849328145823,0.022342588936113263,5.143125270287757,2.917076666666667,58.250026274020875,-0.08219969515023516,4.758054504091414,0.0938313856427387,97.58422858341565,0.1885828103127538,4.167290588080816,0.3513124149602687,0.23593220948657342,0.1121296645240828,0.07831319001738558,0.05068481607320042,0.0424682327271192,0.03970959731045426,0.027330533437171733,0.035748384358974636,0.0263709571047694
LanaDelRey\01 Born to Die.mp3,16.503028333333333,8711.16677364409,-0.10271478517580745,3.451052310693378,-0.0004450007416679028,4071.854529574575,-0.014847344251204693,5.230087354765455,16.503028333333333,6796.573426889563,-0.03459785752206881,3.9265826821103555,-0.024285404756748695,7369.498292866497,0.09981964332298149,3.510527537434339,16.50302833333333,2618.6405666475457,-0.05918072360269775,4.413501164406197,0.042295382563762675,4842.836180134094,0.03665389092539371,4.64420131267431,16.503028333333333,205.80806761386737,0.22229586819216993,3.7778035003525403,0.1450317195325517,340.4533829154857,0.18231723250092605,3.982887473262812,0.32984565262962284,0.22654090437051447,0.1152255685610223,0.09781952725939577,0.06276737429903816,0.04952140639106012,0.03864898577578663,0.030960931359567772,0.026751291507099092,0.021918357846892795
LanaDelRey\10 Million Dollar Man.mp3,7.591345,8141.675949624423,-0.050963852069956496,3.5807664737464324,-0.018728364547274244,4073.295383270944,0.05219729517598654,6.573236661871294,7.591345000000002,5793.927383567292,0.06194285845824793,3.9742257891287665,-0.2359922665377818,6933.77296917185,0.1899107938084843,3.657635107323128,7.591345000000004,1911.8570831179584,-0.09918500764680134,10.368687265582635,-0.044135689281546236,3579.6062774228503,0.010173317813665239,11.63494456060641,7.591345,155.8777025091016,-0.2547559929098487,5.220636621842644,-0.08064440734557911,257.71972497305234,0.17371706160326703,5.613478707439542,0.3084887579520202,0.25528312524611657,0.12076642313700253,0.083700692341687,0.05742091739922368,0.04648441948151874,0.04767221543774861,0.03157644632934873,0.028682644956310923,0.019924357719023175
LanaDelRey\12 This Is What Makes Us Girls.mp3,1.31048,7419.3455334069395,-0.03963253060323735,4.23403186639455,0.021968369947283246,3595.39562175595,-0.10112907539550256,7.27005219151462,1.3104800000000014,5859.644299217302,0.0745594806756286,5.374570919833817,0.3760562676044544,5953.225063638505,-0.01284023558304095,4.483746489849689,1.3104800000000005,1945.9817657862409,-0.03978932742323658,9.447344126233734,0.19633438906484504,3543.651254273376,0.01404895607927693,10.372885955608261,1.310479999999999,164.88163076152418,-0.3431021502940567,6.202972048076389,-0.7492621035058438,280.9648204906776,0.008924189373586144,6.002945728828182,0.33360954731007175,0.19437741579850473,0.13280505372113866,0.09245800467320114,0.06352421726479819,0.04934923702038665,0.04495494969054368,0.03313477456077122,0.02902460531805302,0.026762194642530747
LanaDelRey\09 Carmen.mp3,4.489418333333333,7247.546896528141,-0.04383542797567135,4.217217166409718,0.023055038425064043,2506.5721826444533,0.05619081370203294,6.4038481934323075,4.489418333333331,6435.398061647768,-0.03043359632679911,4.258940443259297,0.01955532592209361,4806.127695827925,-0.04915772069038045,6.157517106729628,4.4894183333333375,3733.273843812279,0.28988781663545415,3.459469425598901,-1.3963760626771213,6582.522826800587,0.30625387297714296,3.520465057995613,4.489418333333331,371.3936263889612,0.28690296397921655,4.096287805296711,-1.8073038397328889,703.3096281024718,0.1840818346263183,3.8718438339347503,0.38342155260113964,0.19369090166875264,0.11977697491498393,0.08524525831099745,0.0557960810116386,0.0433347729807112,0.03883787062940753,0.03123329492005566,0.028581177624865374,0.02008211533744831
Garrett\16 Little Wing.mp3,0.59808,4456.650524591346,-0.014110329169646638,4.186065977370827,0.012003353338922232,4093.961030327164,0.026872732394597712,5.123540627636834,0.5980799999999977,3009.242951497488,-0.04067650851382843,4.778927214443637,0.023482058034301295,3543.6683077593516,-0.010931720995723882,3.8395493433941406,0.59808,468.550742924976,-0.15576206543159496,6.336293776083884,-0.05978996499416293,779.0749047278565,0.03098834568573762,5.954376274910513,0.59808,62.49093403356148,0.19502353960487998,5.287512566775195,0.10998998330550859,108.75108563704224,-0.15247312163908489,5.36399710500405,0.22410054283095776,0.12940008876687292,0.06946444368806874,0.08724856599400559,0.10722259023726642,0.10942488568287262,0.09719063094484201,0.08764417499812846,0.04848729628723244,0.03981678056975377
Garrett\10 Air.mp3,-1.2195116666666668,6197.600121470646,-0.005744269910427316,4.293512832652979,0.013383355638926064,2593.3316341781588,-0.08229645459092665,5.965493512989296,-1.2195116666666652,5222.746639872976,0.005900458563046628,5.255059303578536,0.10567176119602563,4692.172792266948,-0.02006643369888983,4.00361548494264,-1.2195116666666646,1532.8114920952864,-0.5471889584034986,10.277545580136698,-0.10357892982163783,2764.8029796883343,-0.1032165455387517,10.707798005189273,-1.2195116666666657,174.13606729777874,-0.30139512004072017,5.962487678126967,0.06670784641068594,302.20093475252844,-0.8212129602942516,6.046942182240809,0.36262130793991004,0.20375805961223317,0.09136189009422886,0.06304084841802121,0.06017239981696948,0.05597702169168369,0.050616456038599454,0.06126361478163032,0.031327948718010444,0.01986045288871313
Garrett\04 He's a Pirate (Pirates of the Car 1.mp3,0.06263333333333333,4906.552328950583,0.04279796498761065,6.469786370971837,-0.021823369705616175,2699.704143310493,-0.0609675103658876,12.104378677787716,0.06263333333332918,3737.272992099774,0.056792984888998505,6.532914410998546,-0.1051584193069899,4514.284466641159,-0.043080103235788585,7.534278094289531,0.06263333333333247,1122.2871978171477,-0.15182367721129103,9.184945259621147,-0.1307784630771768,1908.9033133836347,-0.07227515931160337,10.10518066501932,0.06263333333333485,89.20288834089897,0.05537907422980975,5.520496533439366,0.3773856427378962,152.03501970519093,0.208049139327478,5.525647367156821,0.3292643693202756,0.17852408357689598,0.11753708126723103,0.06086905497852341,0.0706919068751237,0.06094607035891024,0.0644973967467545,0.05678460636374599,0.03805367769205434,0.022831752820485468
Garrett\11 Thunderstruck.mp3,-0.9934416666666667,7058.987629475772,0.013318309631241611,4.457037967546253,0.03426505710842851,4644.046094957621,-0.03597574374867244,4.741859901323,-0.9934416666666589,5604.129279788147,0.038432649687954394,5.299918085993749,0.16997616626943648,5168.7476366988985,-0.010810509999734957,5.124132994323072,-0.9934416666666648,1582.6411102293127,0.004610499550531416,9.971920731669027,-0.06916986164361003,2771.004503481971,-0.14216135471674385,10.478825576425544,-0.9934416666666668,151.96053404391964,-0.025160554110985257,5.827533386213033,1.0781919866444087,259.1875670524131,0.2185298002947347,5.904747180476319,0.3009784630089588,0.14589939797879445,0.10881465628202674,0.0636797485912985,0.07270550140732963,0.0713039951070528,0.07082471812692291,0.07441478151536994,0.05502080250337116,0.03635793547887496
Garrett\12 New Day.mp3,-0.14965333333333333,4275.687292357477,0.02512212360856516,4.245323711296095,-0.01847003078338464,2191.6730574951584,0.05641780829867482,6.8054793798006035,-0.14965333333333328,3250.478655116486,0.07555142064032744,4.808580619410641,-0.05138418973650366,4167.094976273806,0.0016261632300318188,4.308112160270494,-0.14965333333333433,816.6400502645457,0.2869291241026885,14.34998761513579,-0.11628771461910418,1443.9152068241938,-0.26397415666572777,16.400879525604825,-0.14965333333333372,74.31856947984011,-0.08133680416545006,5.304607608021969,-0.24367612687812978,126.03586446439532,0.022125461667782044,5.797925780797126,0.34288228953025285,0.19252017178906392,0.09875788944058653,0.06977784231361985,0.06504971712295199,0.062268607103729265,0.0655377541117097,0.05178126076946707,0.03164159637248796,0.019782871446130876
Garrett\01 Smooth Criminal 1.mp3,-0.99572,7715.332833344371,-0.03723923168659288,4.266112716263192,-0.03746172910288184,4975.140555099342,0.004015340724572578,6.418533724840486,-0.995719999999996,6293.1343404390855,-0.07044952157588195,5.237679773120243,-0.3883064717745232,6076.378467498378,0.029417568144838712,4.049909691531575,-0.995719999999999,1859.800146264319,0.19300402687201468,11.724975667731211,-0.3870945157526364,3352.851138968901,-0.1903981959749463,11.928292075074424,-0.9957199999999982,183.17145193673494,-0.27249918647052424,5.149844846922337,-0.5405893155258763,316.44207573100414,-0.21489351916146912,4.852737032155807,0.34044845103391236,0.13666957581714312,0.07108400457296961,0.058644326761956175,0.07008822965495201,0.07248845346355032,0.07546532734200839,0.0842431688290736,0.05605880311642401,0.03480965940801019
Garrett\05 Summertime 1.mp3,-1.1795516666666668,3929.9524546949497,0.044807844843886786,3.8150390036416426,0.001596669327782213,1885.4400205772222,-0.03078203826703494,5.35102065050179,-1.1795516666666697,3031.2075161236266,0.043986585508284735,4.305705321497793,0.033650560842680956,3886.1925699097615,0.01414005367897497,3.9085025431020637,-1.1795516666666683,718.1335666828624,0.1576793611378574,13.764843577114915,0.07022670445074317,1248.5131252233693,-0.2032573662875632,16.59852421001491,-1.179551666666667,70.01482414272945,-0.1082310419734985,5.793074163087159,0.2235676126878129,122.1941871061491,0.0017624928972999013,5.935004537216066,0.36244942600191776,0.19788750089520646,0.09191006532820799,0.07197224100226836,0.05204971658612292,0.04754973261837728,0.04998615822142106,0.06462418961857831,0.03867887788491835,0.02289209184298142
Garrett\02 Who Wants to Live Forever_ 1.mp3,-0.030018333333333334,3314.3080312161537,0.01750498301067617,9.122796250261025,0.00034000056666761113,1933.0985035281894,0.05260374510272976,12.768888278966184,-0.03001833333333249,2361.1430282006213,-0.002938460593749978,9.17667782710235,0.07876131268854909,3481.697983105396,-0.002891214502470741,8.418452528105252,-0.030018333333333563,366.3979343423163,0.480774083267416,18.188480663362174,0.12701450241706838,613.7147561498672,0.2734365619614686,19.238833353003283,-0.030018333333333612,38.895485055654774,-0.005218270743917561,17.310938474498645,0.03889983305509197,71.13762885223154,-0.05849994901981204,18.724995789400282,0.2768296511127028,0.17768514334014837,0.14231057340458567,0.06449882416337925,0.06783327673086131,0.07716355505930295,0.052077229751423725,0.06996002152958088,0.04413286183330037,0.027508863074714573
Garrett\09 O Mio Babbino Caro 1.mp3,-0.8834083333333334,4987.701886860793,0.013339183901105183,5.126816368547256,0.012603354338923898,3146.0645369208933,-0.03947285210298814,7.25256556642326,-0.8834083333333345,3479.971632498108,-0.013558629613866497,5.211408740249934,0.14406573442890405,4951.935002285692,-0.007909271405150888,5.354898259200582,-0.8834083333333305,957.3588701050928,0.0053794094991082885,6.000127701904838,-0.032527087847975894,1782.3313958082717,0.015951760221240046,6.066101636251893,-0.8834083333333335,54.49813827882806,-0.20511760580295446,5.647769135271951,-0.14706176961602652,89.29227052677948,0.12914324866287494,6.146365243507271,0.28568706042695796,0.19653093413419812,0.10603025481253969,0.06240986982308177,0.08465247363626083,0.06196031067915858,0.07188611060885981,0.07522400607863723,0.03226317194657554,0.023355807853730516
Garrett\03 Clair de Lune 1.mp3,-0.6590316666666667,4694.1372670281235,0.0371348364884968,3.6984626025017224,-0.004221673702789505,3403.192009459687,0.0015220401096845458,4.663025545290914,-0.659031666666667,2861.4078202506244,0.0502211531487233,4.018915531133807,-0.009716828613809306,4308.239291871199,0.009431419861745637,4.605653366168228,-0.6590316666666649,735.6923866336023,-0.04711926211485263,6.033884069828039,-0.2056492748791483,1366.4941669940924,-0.027133502948669962,6.307967779443825,-0.659031666666666,42.80030868565472,0.320969164213525,4.671456580063521,-0.10529549248747878,70.20499012833321,0.3870300577449925,4.576076754779274,0.21716342342278713,0.20831951684596609,0.12685003412832963,0.06647209046795384,0.08560375659519145,0.08360733040347756,0.07769165307970682,0.06480297841909323,0.04842154892441432,0.021067667713079927
Garrett\14 Rock Prelude.mp3,-0.5613266666666666,5862.019222946336,0.04686786103324423,5.444726690677691,-0.02784671307785513,3797.5789375369413,0.02194419610484564,6.893209690826864,-0.5613266666666636,4605.485570658543,0.1128265287565007,6.6140769968636555,-0.1570109501825133,5501.61176144528,0.014690383499052972,4.747645744896929,-0.5613266666666648,1216.7327631633716,0.17790536139353103,20.53067583611683,-0.46942157026171233,2223.1082243080923,-0.2986292960057064,20.94318753443378,-0.5613266666666668,107.14879745694749,-0.29164926409387043,9.505196313234938,-0.2756043405676133,185.4579406409893,-0.39441911256241685,9.798033194858741,0.34388367882505444,0.13389624066609426,0.06780440293279207,0.06977345505746424,0.07328961809175333,0.0667233016232971,0.07156319758259626,0.08031138753108973,0.05293720583104755,0.039817511858810876
RageAgainstTheMachine\09 Township Rebellion.mp3,-1.7690233333333334,5064.61594053387,0.028201580813771845,5.870928932356148,0.00489500815834693,2722.9646312732402,-0.031295356834339996,7.831718675003478,-1.7690233333333343,4201.090204060978,0.04234199995816932,8.127084679016999,0.011190186503112381,3162.879183921982,0.040752724401260314,7.531122227932099,-1.7690233333333347,1820.6114561646166,-0.015688894352643076,11.838216160853142,-0.011878646441066083,3447.6035697282714,-0.012774284440225624,12.544773134525398,-1.7690233333333345,147.86335822606443,-0.07652176598115297,5.528454334440645,0.11600333889816335,257.1565811155499,-0.03609737856085354,5.43095353238166,0.31285850492979606,0.18451324259864743,0.10459077585497563,0.0677957741366945,0.07077155644205654,0.07022984772021712,0.059233159005942206,0.052023883322205616,0.03980376660673421,0.03817948938273089
RageAgainstTheMachine\07 Wake Up.mp3,-1.2935583333333334,5819.097327007729,0.03445042635009572,4.41870224566974,0.014123356872261454,3328.6559705349773,0.06464039341224269,6.167167614839688,-1.2935583333333327,4849.744245195926,0.05385957525445546,5.087902159712943,0.07839297321622173,4282.970229674723,0.032496288457775455,5.072510254089048,-1.2935583333333371,1701.5553800631217,0.19455506228561403,7.9912383842783115,-0.13383563927320108,3173.280646488967,-0.04615408525266175,8.65685048015757,-1.2935583333333336,134.4378032564747,-0.03846228929346497,5.147346312048732,0.0592838063439056,236.18611858673665,-0.0970783677528705,5.121822287335833,0.34254444195580214,0.12135446706952019,0.09985863881216536,0.08988607049907814,0.08990622574082129,0.07654768788599127,0.05906496563209323,0.045246270886212664,0.03811804124504938,0.037473190273266704
RageAgainstTheMachine\08 Fistful of Steel.mp3,-0.58644,4887.711245503508,-0.10206676258879778,7.107467988327501,-0.0007016678361130602,2595.6983666631722,-0.07507474723699918,9.376344269102862,-0.5864400000000016,4257.878885699756,-0.14193168530072417,8.683434122862998,-0.07116618610310572,3267.259648689529,0.08120050078319024,10.392268471602293,-0.5864400000000015,1654.3366720175973,0.06151756467735107,12.991918725611498,0.05040506751125091,3132.580848221281,0.0003324530289610146,13.447278404409891,-0.5864399999999991,144.93750476025772,0.05975101757700185,7.812994107345462,-0.09393989983305288,257.77541738866324,0.18536873085530917,8.528314853706021,0.3508552211493066,0.11214521886353722,0.10722880521100334,0.07675584813737982,0.08421770973426514,0.07406595431796789,0.0597728547664548,0.05325852453343388,0.044345457039728385,0.037354406246923155
RageAgainstTheMachine\03 Take the Power Back.mp3,-1.1629233333333333,6449.7401383411825,0.01910014454651855,5.877551967209105,-0.010971684952808255,3922.9129339447627,-0.07909267406439228,7.038474217211137,-1.1629233333333324,5115.715285636896,0.06877554582220104,8.827344774621498,-0.15357589293154789,4528.302105768474,0.06821516903744901,6.837017874161922,-1.1629233333333284,1875.6412232566815,0.18546643275243607,13.512612460119117,-0.33881980330055056,3493.8726256920086,-0.03347889792225277,13.968848014459844,-1.1629233333333324,158.49017935121654,-0.03844057056584032,7.010394633970126,0.013191986644406233,274.7790436440853,-0.07622628429877545,7.0361241706292645,0.30653640986798003,0.1477256021799564,0.12379860427010929,0.0875307952707511,0.08108391389997238,0.07121671190081769,0.0538182683627697,0.04573537398633372,0.04587100518016268,0.0366833150811471
RageAgainstTheMachine\04 Settle for Nothing.mp3,-0.6396216666666666,4485.123131491761,-0.13801776992937143,7.901035931570983,-0.0036533394222323704,2473.116878161067,0.02155971217365122,13.372983905362931,-0.6396216666666666,3702.7951708992255,-0.2901371266599143,9.186697940237364,0.11692861547692801,3111.377495476655,-0.011667009599363475,9.446822749885811,-0.6396216666666652,1434.7908768049117,-0.00450367411227624,9.564454503784136,0.6200800133355505,2750.5315737716855,0.07518877023726517,9.254793399319029,-0.6396216666666656,124.42829473977586,-0.33617553287767576,6.838779262168925,0.6221135225375624,215.17495659867703,-0.07805900149076994,6.835561957871413,0.3210760422284206,0.1654633527960984,0.10951112948950663,0.08036318511471419,0.06377238664174657,0.06484302502855391,0.05820870564395969,0.057435108629937885,0.041922474503341016,0.0374045899237214
RageAgainstTheMachine\01 Bombtrack.mp3,-0.04348166666666667,6407.56841473485,-0.017720533433405506,4.26110811816191,-0.016675027791712985,3452.8691666486216,0.1005445164605214,6.320352804098623,-0.043481666666668146,5178.438031880898,-0.06126837203373786,5.1809767497870975,-0.0965099418323659,4307.222402670765,0.11393473417403198,4.807750187001688,-0.0434816666666732,2001.9025446805083,0.11726777286857507,8.407950514732388,0.36735289214868677,3784.2365399435766,-0.0022909229415001542,8.674249388858732,-0.04348166666666714,197.85105742820699,-0.04079251239095364,3.9970265284407507,0.1890100166944923,348.03269121718006,0.13017683819230255,4.123342026797696,0.318734353457438,0.16290849096370644,0.14429103862376022,0.07630743564866986,0.0677944646646654,0.06149309627869161,0.052335306749522546,0.041721712914734047,0.03845388222476513,0.03596021847404683
RageAgainstTheMachine\06 Know Your Enemy.mp3,-1.2310783333333333,5241.233542598645,-0.10920869164857669,5.267497349461426,0.0009766682944471574,3264.357070372998,-0.12317867999610013,6.756193145072535,-1.2310783333333322,4246.335742895237,-0.13401286427146658,6.176864914498379,-0.10996683278054863,3926.574761457406,0.12197558581307442,6.505233014335764,-1.2310783333333333,1300.5633367297244,-0.05995150232681452,8.8865935537717,-0.700721786964493,2412.7447806461596,0.05347656969260786,9.33683487621408,-1.2310783333333348,136.61942266899266,-0.03484365974086496,5.464465973809859,-0.43616527545909856,239.39136219748823,0.264054640253445,5.3112907759702965,0.3200622518726649,0.1317522958045217,0.09727418377395124,0.08710740817072704,0.09027441664367467,0.07575643003621464,0.06515266452332577,0.051386395263961125,0.04412459751624018,0.03710935639471886
RageAgainstTheMachine\02 Killing In the Name.mp3,-0.26867166666666664,5913.04472779384,0.03430238335047703,5.119197569776033,0.003301672169453616,3852.092503049719,0.028927866010776748,8.548837614032207,-0.26867166666666414,4825.121055311535,0.005690235652239655,5.5056131314659185,-0.024147069117814463,4542.875732759333,0.047424161379407366,6.341974472135699,-0.26867166666666936,1430.6321823902717,0.08544852243166312,11.197768764956852,-0.06731788631438128,2622.7684214910178,-0.040898828889781406,13.037870637300543,-0.26867166666666625,129.33871377258706,-0.22795326763847412,5.6580528264787615,-0.5150300500834726,218.47955256887755,-0.13094161110257385,6.219173210622318,0.32347109821196085,0.1273017030296257,0.08211296792167294,0.07650345129130717,0.08783180190761426,0.08415987932000138,0.06690983935064442,0.05768581525450803,0.048675739774245684,0.045347703938419366
RageAgainstTheMachine\10 Freedom.mp3,-1.3219716666666668,5213.142927469242,0.13419553980667223,6.488813969858512,0.008703347838913064,2643.3981907551456,-0.05266783932911381,10.192330656073677,-1.3219716666666654,4544.9970884294025,0.19351950990760505,8.146258164394084,0.022920382006367996,3149.7501608953476,0.0453596015719025,8.415448966987793,-1.321971666666665,2057.354452704548,0.02229001116930783,10.259624999008691,-0.6044157359559962,3888.0240394194248,-0.053062366930323054,10.880228879932375,-1.321971666666667,189.5277264057888,-0.021094699349647132,5.312532976571755,-0.42146911519198715,331.3929608224951,-0.23984625245440921,5.439627791314107,0.33863919005870663,0.145260522736053,0.10202070633953993,0.07398294100934615,0.07518224150297614,0.067695136662652,0.05601519319630148,0.05639048703021866,0.043735063526202704,0.04107851793800312
RageAgainstTheMachine\05 Bullet In the Head.mp3,-3.452085,6906.832504179524,0.01253382782453352,4.125289318306141,-0.011155018591697654,3503.6976121675834,0.0138042311903275,6.858758655262351,-3.4520850000000034,5983.457301212957,0.030747157703669686,4.353703578458965,-0.1849030817180259,5034.090347542232,0.20932281659670676,5.833319524423366,-3.4520850000000003,2485.99157307005,0.04156820238430075,4.969879672295817,-0.18606267711284208,4714.8548243987,0.04662366436704034,4.902910888310801,-3.4520849999999994,180.36684734861274,-0.07706707497684415,5.1042649486321485,0.15005676126878115,309.60127333821566,0.10534043322321837,5.877399514903634,0.3571684211538253,0.121555867242204,0.10531886761696062,0.09029662090498067,0.0725696181953218,0.0730990957237515,0.05838861362213723,0.047348818656365026,0.037674838065018625,0.03657923881943493
BeastieBoys\04 No Sleep Till Brooklyn.mp3,3.592485,7070.974609577983,-0.08962290698068133,8.149381050175487,-0.015170025283375473,3258.1162654350655,-0.015838956241642197,5.947422837923992,3.5924850000000053,6572.949528911762,-0.10508557837699561,9.799738285075636,-0.07174286238104305,3731.186246842822,-3.6274224596331085e-06,6.5154250964693645,3.5924850000000093,2590.3657857280905,0.12366351973072093,13.247748596050858,0.1504567427904521,4677.125285183864,-0.01224005466739241,13.39081381443631,3.592484999999999,208.48756886843344,0.3066949290404526,7.820164725396807,0.030889816360600505,368.60078577432563,0.10197351444061456,7.1468307057667815,0.29444959572324136,0.10582107221897025,0.07022170352353309,0.08945478482259206,0.07495026319671537,0.08170454684122483,0.08080701893832265,0.08253559796522769,0.06919318517450887,0.05086223159566366
BeastieBoys\15 Fight for Your Right.mp3,2.247125,8746.906158777945,-0.041026511197266566,4.068725231311077,0.01917336528894215,5011.769520919593,0.006695028185311879,6.237793549991221,2.247124999999999,7436.566964798278,-0.05369710487767946,4.805895588802301,0.1698128302138386,6284.862762784154,-0.02644021876723978,4.17884851703518,2.247124999999994,2765.8613738966355,0.09567530426168078,12.212117452648954,0.1006484414068963,5232.172548150325,0.014520757506364359,12.72642835895073,2.247125,245.1704595707431,0.22149645320722727,5.442006508864657,0.4223405676126894,427.341707941996,0.1667299196978337,5.1587158042219725,0.30066563916664674,0.14015090158440924,0.08411858128099399,0.07717196425500757,0.0869025908964498,0.0816409050546126,0.0701999889779108,0.0615905382027091,0.05299268887179852,0.044566201709461684
BeastieBoys\03 Ch-Check It Out.mp3,-5.173015,8607.73700157214,0.02835843277383279,4.642112690695908,0.006738344563907607,4133.850268077732,-0.18243098764647053,6.7818883738169395,-5.173015000000003,7734.159820848113,0.030869286464270455,5.073891751274831,0.10804846747445977,4759.159732219369,-0.10574276502845895,5.6670453929943685,-5.173015000000002,4529.713550692401,-0.08055140350037776,4.9647965878839875,0.0656992832138314,8693.4028479892,0.030858043774334726,4.990300070027668,-5.173015000000002,457.94650082469036,-0.21530904924810607,4.55926191796818,1.1611886477462412,763.4903443929672,0.1917942657042962,3.8709234521164606,0.29092152793984,0.14903749547439793,0.10805801693300218,0.09121238458536964,0.07139438016865828,0.07877127554060954,0.06393230853335286,0.05894160935983862,0.045594693627089934,0.04213630783784088
BeastieBoys\09 Shake Your Rump.mp3,-233.229615,8995.965858933952,-0.24639876582238102,5.297537449616806,-0.002210003683339472,3278.6971433279273,0.08054245484296851,9.541495235543366,-233.22961499999997,8312.67718568036,-0.3128712835451032,6.0696818522778795,-0.009613493558217584,5599.176801447616,0.013668402671684338,7.174081568842125,-233.229615,3591.144527127719,-0.37742020437691454,5.786344149937626,-0.014445740956831989,6627.804205180855,0.11510846830403218,5.572516478070156,-233.229615,230.64877684962934,-0.13727421027685574,5.996263963488941,0.1627545909849747,384.8318711781753,0.05697266843478175,7.235556370699426,0.4042380628548972,0.13496050530097664,0.092607469882195,0.07940818561936436,0.060394155604303654,0.060307405347933433,0.049270969388257604,0.04263580241568783,0.04168332938805013,0.03449411419833445
BeastieBoys\06 Pass the Mic.mp3,-16.517668333333333,10203.48589491264,0.0174360192917203,3.2881076265632494,0.0342850571417619,3376.0679769861244,-0.2929043959781164,7.231605831056294,-16.51766833333333,9300.872774564223,0.012027850436787562,3.356914045460418,0.39219820330338656,6550.794479624504,0.09587214178359593,4.452265651168963,-16.517668333333337,4319.441751323819,0.018883889894445307,4.047958344193989,-0.19039839973330205,8462.78612829234,0.010207766361947687,4.123646904660145,-16.517668333333333,297.56333656303883,-0.10990211062666978,4.8230275990198805,-0.6776544240400681,509.34675686424004,0.1258057896052832,4.877277443142537,0.382705137423029,0.17822185779835184,0.09684280430422672,0.08963420825402753,0.06440740931212778,0.053467847821391225,0.04268625279613267,0.03574982335778659,0.03009783125140806,0.026186827681518872
BeastieBoys\10 Intergalactic.mp3,-19.451283333333333,9654.878234112364,0.05538213112673968,3.7498721627855773,0.012918354863924774,4527.058131173819,-0.051164361595388806,6.7863055565574815,-19.451283333333333,8763.432429573226,0.06675026220683573,4.292950399760559,0.09812996883280875,5460.1722709713695,-0.10233399538342912,7.790518556440961,-19.451283333333325,5201.822594583635,0.05567896763680953,4.5902453140447275,0.0026621103517107756,10065.252983777178,-0.025106430645784605,4.635587726362496,-19.451283333333333,405.87863343363665,0.4234951856007487,4.288174000142112,1.08027712854759,661.4354553330047,-0.02984279364899864,4.401180503265693,0.3283869868925722,0.11655811820709373,0.09004684687042126,0.08515460921634797,0.0959664785881557,0.08179554478479036,0.05921575803141796,0.05543727212011603,0.04506734746253566,0.04237103782654922
BeastieBoys\07 An Open Letter to NYC.mp3,-6.03437,8437.162220237444,0.04840501201141013,4.469052680097225,-0.005298342163903606,3037.7638294588896,0.10665060020678563,7.634934302012715,-6.034370000000002,7766.51221221356,0.06092113378757014,5.010850244359043,-0.033702228370471814,4814.2479809933675,0.009828104402618321,5.502060407619704,-6.034370000000007,3348.8608277512676,0.18593762815162496,5.911819541056504,0.12551925320889176,6147.8434691377,0.00887431183955481,6.022682782451218,-6.034370000000002,263.21837695459215,-0.05279933771941941,5.363553779027543,-0.819085141903173,430.3846306707801,0.06226896689907003,6.311239826609702,0.3613351383380273,0.18948617419154998,0.08419207289348465,0.06738780639345467,0.05975977053890191,0.06374687300204235,0.047345633164072906,0.04833110110367442,0.03882757775579495,0.03958785261899669
BeastieBoys\08 Root Down.mp3,-55.63228,8702.117479205008,-0.05765345141180748,4.264389291778061,-0.024956708261180436,3532.589719194315,0.13044281116910383,10.802229465985997,-55.63227999999999,7380.219868290375,-0.08914362202332703,4.687238847595198,-0.3034850580843059,7484.568580549025,0.04117708919534427,5.0165064512048785,-55.63228,1670.0315054504017,-0.18742943145657218,4.743438812076172,-0.6441640273378877,2979.928287019632,0.07918301141500066,4.333712941030781,-55.63228,174.32624752831953,-0.02070845226835419,4.284623288782688,-0.5903422370617689,305.6543677101505,0.11139502604772653,4.63031677669666,0.40000380016105924,0.18504971529914827,0.08828859043101246,0.07740875860873317,0.061105419940086815,0.05515602685531405,0.03858335027866317,0.03695862640127655,0.03155505664287774,0.02589065538182859
BeastieBoys\12 Body Movin' (Fatboy Slim Remix).mp3,-18.390771666666666,8701.381837016606,0.004915496282821698,2.9370191447365346,-0.003866673111121852,4224.927488200894,0.049618021246887536,4.2122676732936375,-18.390771666666662,7321.997305338528,-0.013272836732346202,3.095359805723129,-0.26965616093601785,6343.685678012766,0.05390012655774736,3.1703071782612686,-18.390771666666666,2363.0594868997523,0.05252925654441938,3.3760071137971814,-0.16384730788465746,4193.490021556534,0.05672266815394717,3.4769918950702157,-18.390771666666666,239.30660369563464,0.019953233951077176,3.1657882226903173,-0.08426210350584509,410.98709617361686,-0.049280950828784864,3.414641445331236,0.3580872275545306,0.1703531621862417,0.09665195043908803,0.09490931383478539,0.0773601884598309,0.05866912177333622,0.04112437304742571,0.036022493115270206,0.031897273806736806,0.034924895782754914
BeastieBoys\05 Hey Ladies.mp3,-231.872915,7062.251267542175,-0.017291521374077738,7.084814447952091,0.00613834356390594,3759.1542263499664,0.022121298569044785,8.98084727110787,-231.872915,5966.12883788527,-0.0003372865591240446,10.000007533909466,0.03134552242537527,4291.359651417439,0.02999081529937697,10.659218830345436,-231.87291499999995,2542.195175602702,0.02589332581190333,11.740620182779834,-0.08105850975162822,4757.568846811645,-0.09203189479706364,12.439658979963397,-231.872915,211.71554909299357,0.0005069567495129734,8.217248880058204,-0.14843405676126845,362.97490155208135,-0.29001759297010804,7.366173312760984,0.3113859340260171,0.1441691115202666,0.11668907495994049,0.10873417719519708,0.07137858628399465,0.072738528781638,0.060428199023360996,0.04945673445105479,0.03472586592401987,0.030293787834510384
BeastieBoys\11 Sure Shot.mp3,-108.559725,10874.86590737527,0.03181323895648417,3.9100782098150075,0.018326697211162018,4267.317430154555,0.02105575909109167,7.1286081263451155,-108.559725,9573.216749113319,0.04029871873363072,4.507632989802246,0.22312371872864226,7367.6092488065415,-0.08535549034914579,5.569108430483387,-108.55972499999997,3835.092489072796,-0.1044259456695631,8.564637769150341,-0.9797966327721382,7185.331925965029,-0.08104270898327041,8.877248823051922,-108.55972500000001,366.63708430333764,-1.2355279163279451,7.059289401507162,-0.2914924874791276,603.5364653366173,-0.09882115941502498,6.182426500983382,0.352491644440784,0.19507939739230434,0.09409973301569718,0.08255272123289029,0.059574369427573076,0.05871141901224192,0.04539562805148613,0.044012066980823474,0.03549273041894584,0.03259029002725365
BeastieBoys\01 So What'cha Want.mp3,-10.384051666666666,11004.070357323813,0.010578844395668283,3.72462148704483,0.06652677754462924,4512.051699851015,-0.015357252412356201,4.9738878181713675,-10.384051666666666,9707.247185338943,0.008391366667744865,4.36383558345546,0.6701561692694828,8131.556867209918,-0.006358716484647268,4.658346553254886,-10.384051666666663,3615.99550690209,0.23430593584687515,8.634185702377849,1.4497066177696198,6953.8123076817965,-0.011029675986949407,8.730734122720406,-10.384051666666664,325.91125494831516,1.7911582329966325,13.163485063833573,2.2605926544240407,521.8052225314789,-0.3298311915543704,9.03386355310774,0.3243338061649096,0.1524211648310138,0.1378877110635534,0.09520735574905888,0.08401220168448835,0.059803425506489205,0.04708329606022753,0.03641555906740136,0.03461738832729971,0.028218091545558235
Adele\12 Lovesong.mp3,-0.9729133333333333,5521.535129788905,0.2625516126435131,3.8074306765023587,-0.00358167263612106,2326.540324535978,0.7377151073612347,14.59301965345317,-0.9729133333333363,4576.325453358657,0.12493692463411815,3.7776858363780663,0.11217020283671567,5105.826034046047,0.019947742531174966,3.52770545602529,-0.9729133333333321,1348.5418406874685,-0.08770774741137746,3.4289074915628657,-0.33388731455242165,2526.9329572922916,-0.07362354174958018,3.4592091615949303,-0.9729133333333334,113.11600531032654,-0.04942780778975501,4.25626545641817,-0.12675459098497546,192.07257885229174,-0.07940240574975212,5.145646750715965,0.3838638724882632,0.19207148888707862,0.10035654571347799,0.07842518724178216,0.05123260058807435,0.056266741538179434,0.033835696611654975,0.028405404471366545,0.051381202714829655,0.024161259745293293
Adele\17 Rolling In The Deep.mp3,-2.3297433333333335,6329.642865854492,0.09609463563893444,3.4796643956565516,0.009568349280582134,3380.1638570720625,0.3946072333119745,6.9317340423968865,-2.329743333333331,4889.12418861988,-0.0112304065933048,3.7084922729582135,0.08907648460807227,5701.672994248989,0.029928765193356424,3.370317520938555,-2.329743333333335,837.8555252253622,-0.07252246117317933,4.11270517874784,-0.0008301383563987995,1484.538098563172,0.016556741192580195,4.1570907032842275,-2.3297433333333326,89.42573974265345,0.02673931521692304,3.1039118310264735,-0.07244741235392109,151.03973639413627,-0.09093132280075782,3.1748968545794174,0.3343849380027489,0.18201928134374123,0.11536592623350987,0.09549602110867245,0.06443993027484993,0.05943830156040203,0.043963137103900395,0.04142773785175439,0.040551671089411837,0.022913055431009154
Adele\02 I'll Be Waiting.mp3,-4.41788,6435.340022864862,0.13738605845972598,3.4202940506605026,0.006315010525017542,4018.2397895268523,0.369870445744873,7.104336717979427,-4.417880000000002,4739.050923580723,-0.019592790156367546,3.17660737188035,0.10926682111368481,5589.432323595494,-0.034291231832552796,3.233205600967676,-4.417880000000001,1051.3730308205736,-0.04429319139358392,2.936714551949676,0.15272545424237005,1899.43536012776,0.08802909953232654,2.9652312135042953,-4.417879999999999,103.0903463001213,0.02536340399719019,2.685968536634097,0.2599065108514174,181.54167108383444,0.036567153752131834,2.822196321610624,0.2896098351526805,0.17924420013320672,0.10656384184783689,0.10757043519954687,0.08419401486210754,0.07351982245000559,0.049261302616022136,0.04779143378886949,0.03909512053037257,0.023149993419351755
Adele\13 Chasing Pavements.mp3,-17.722975,7464.451687273408,0.0593132926553789,3.3514536677762394,-0.0009250015416692361,4225.885452113821,0.2982532076959363,7.791931267635022,-17.72297500000001,5885.981252992229,-0.022772571183322467,3.5907555936112643,-0.07340122335372272,6422.084416666285,0.039856907390758055,3.4081890561541877,-17.72297499999999,1377.7545709295855,-0.07332859986506297,3.089513452204288,-0.06490915152525278,2532.92222387235,0.07212705409895641,2.971027977618801,-17.722974999999998,138.38163059742084,0.045211826911407293,3.586272968950609,0.09081803005008263,229.80275690743073,0.11193874684111481,3.6710109252753838,0.3283472549633978,0.1711735532353248,0.085381799048897,0.1051084520266244,0.07667492480368782,0.07375650411891709,0.0449001470602449,0.04537176493592228,0.041629144173236134,0.0276564556337478
Adele\06 If It Hadn't Been For Love.mp3,-0.01633,5876.079408882821,0.19789280108608134,3.7830127553051462,0.01850503084171807,4058.845755300063,0.46613828315389044,8.177567955527897,-0.016329999999998776,3887.286397430432,0.22254700065698868,3.683461008771721,-0.04222070367839338,4587.888535593728,0.007645963640245093,3.829757575285756,-0.016329999999998637,1014.1522767069538,-0.2118704969723555,3.7811302595865333,-0.10912652108684835,1809.8940325491103,-0.13663913747369766,3.928138384894509,-0.01632999999999972,91.25876320665193,-0.13078431150283815,3.180744647481626,0.13329382303839798,157.07434160292954,-0.04314999505386188,3.537543412572829,0.2529928635822766,0.18861044624520026,0.1523418274914756,0.10549574503487492,0.07290192725852784,0.06935621907145538,0.04397665836415554,0.04403110182931005,0.044583064834268396,0.02571014628845573
Adele\11 One And Only.mp3,-5.509541666666666,6422.358861208678,0.13236519542013145,3.5889666699671654,0.0026433377388962315,3805.6033036493955,0.5490283983980959,9.566064091662026,-5.509541666666664,4957.9370569647335,-0.005187560153058651,3.5839648401832944,-0.03833397223286979,4853.585437082479,0.09293950148697579,3.5289894057998876,-5.509541666666668,1525.255445055234,-0.04862909059503061,2.963822527048235,0.23105350891814558,2808.274497495423,0.15929868373362038,3.022445877830807,-5.509541666666666,157.2807522692301,-0.11846497982026868,3.3780098966305907,0.13071953255425892,289.3891447884153,0.1204086832357954,3.51227897268849,0.2804831925803429,0.1491535737747994,0.13420721031800706,0.12510816302191033,0.07804384727246956,0.06951197054963297,0.0483744512021046,0.04263804476208075,0.04025296413121151,0.03222658238744084
Adele\04 Turning Tables.mp3,-1.512505,5401.498492102936,0.27535069821766084,3.684370268115357,-0.00017500029166715278,3648.9878991321393,0.5304306057651728,10.18022935880734,-1.5125050000000002,3411.052414662732,0.05673210898375831,3.096189156259283,0.06629277154619292,5498.209913589944,-0.010718896780331959,3.207333412620191,-1.5125050000000004,302.88153734495216,-0.0013356676679168002,3.6344557071577843,0.12668778129688324,503.96844098051594,0.03446566307615813,4.014639669481172,-1.5125050000000007,39.80340652481864,0.1684161920333967,3.2765685886797056,0.07962103505843021,67.53834728897232,-0.10161257543986268,3.31590706459281,0.2249083246276053,0.20230931953743742,0.1285806796453163,0.11494398857692277,0.0731831932891888,0.0743908591351275,0.04597917668198548,0.047494248555959,0.055779765474602644,0.03243044447585444
Adele\08 Take It All.mp3,-1.461705,5056.823515351658,0.48554435574649824,4.649155003207492,-0.008528347547245912,3755.6746364023015,0.46323968610154126,14.167487102895702,-1.4617049999999998,3088.303382384897,0.13117485805824425,3.453398867415604,-0.061032683878067547,4848.220680140976,-0.03244850756704208,3.5141623718871338,-1.461705,325.0595526363997,-0.016605101631228084,3.6497353666273735,-0.01266877812968688,558.5036046607327,-0.013490610431302745,3.7406877490928716,-1.461705,33.8132951036715,-0.10022777917924577,3.3632571893442513,-0.10781803005008375,58.11802314479598,0.12483203339439264,3.3015075420703934,0.22250680276261042,0.2046092615019627,0.0952177831674717,0.10539208745939305,0.11431837269560426,0.08791058101318014,0.05320837726042507,0.04965550642499175,0.04499662147592636,0.022184606238434698
Adele\15 Make You Feel My Love.mp3,-0.670665,4469.658356726322,0.3579959547042297,4.624588597515963,0.012716687861146434,2524.218491049577,0.92139952841952,19.087328576140383,-0.6706649999999987,3113.4930229131646,0.09239252487875504,3.1867808185945052,0.026303771729530946,4429.593470694918,0.017517703733736033,3.660159047472743,-0.6706649999999995,377.71858890917866,-0.0015748563475456966,3.156208231600333,0.06966994499083223,639.1316696646729,-0.02692632068365667,3.4046144783330976,-0.6706649999999996,45.44992120095232,0.056961041748077826,3.1125450955993577,0.14269782971619405,81.06655552335509,0.0758058606816441,2.9643097465626194,0.2732003620117916,0.22371559757873247,0.14133908643319995,0.1086791928799437,0.0605531314340041,0.05545139373120487,0.0377734663439743,0.037793544931130116,0.04033073670125665,0.021163487954762392
Adele\14 I Can't Make You Love Me.mp3,-0.6009366666666667,4400.223809379298,0.4090396113706233,5.033770391853836,-0.0022783371305618843,2573.75444747417,0.9066145738378253,22.019576357761625,-0.6009366666666675,2973.928804558339,0.10472010677687768,3.547409474718723,0.03344722412040407,4387.7639344518875,0.027581560935464197,3.9910202609043237,-0.6009366666666668,350.219053227485,-0.03555877483085117,3.5959517178510554,0.02026504417402748,588.6079562323039,-0.0224122453171882,3.79996654670381,-0.6009366666666671,39.509930210931216,0.006296532244413983,3.827855687816359,0.14735225375626038,69.22484901201074,0.05307207619751124,4.035656454266765,0.2686269362157084,0.21564233252808412,0.14042457831206592,0.10321710385520641,0.06962723333192712,0.059996382854290355,0.040380048516923714,0.04180967125648991,0.043191693426602076,0.01708401970270222
Adele\16 Someone Like You.mp3,-0.6289466666666667,5136.426487803177,0.30529142769143985,4.441853635630911,-0.006385010641684403,3513.5955946875233,0.8091536761899343,11.928251250379615,-0.6289466666666674,3107.412202274119,0.054333091373632736,3.425164619197774,-0.14425407090117448,4882.783742021976,-0.04419802265424277,3.6827638450651525,-0.6289466666666663,324.15299312915573,0.016369149746883357,3.4805749140626125,-0.14594932488748247,536.0631475952838,-0.025981888405623026,3.5723189106850133,-0.6289466666666665,33.33588876662041,-0.24186062124611943,3.1390436391487215,-0.0820968280467447,56.572651053838776,-0.04753685547478975,2.941047770898395,0.2201560956035174,0.20350827048338135,0.125976947152894,0.12849004098602373,0.07480462953110838,0.07767004553483495,0.05046053597714863,0.042426287964476284,0.048926694425687374,0.02758045234092781
Adele\05 Set Fire To The Rain.mp3,-3.2525916666666665,6159.371672743017,0.1911358577276598,3.5226809446700513,0.007056678427797379,3759.3209456789077,0.4981931167874545,6.7408651350652375,-3.2525916666666648,4413.865866148171,-0.0014152744617650817,3.2652148233601337,0.12288204803414067,4626.553871166346,0.02928333833584369,3.33707083657757,-3.252591666666667,1147.30836986277,-0.01945090656813376,2.537144012689417,0.5829138189698291,2026.2943992383177,0.13433758334743034,2.58716431855733,-3.2525916666666657,106.87215426435893,-0.06572893902422021,2.5058173978869767,0.4955976627712835,185.53241624571527,0.1633133660065077,2.733057514432387,0.26853018961742603,0.19904479297508165,0.10940049031022815,0.11879543451517657,0.07535271394226133,0.06951324913233396,0.04393648019793492,0.04908559472674842,0.044149976471306716,0.022191078111502158
Adele\09 Rumour Has It.mp3,-1.4848066666666666,6143.369983266446,0.09198896410645829,3.5706552224676558,0.005213342022236704,3090.6848629903525,0.34823054112560886,8.232116281518161,-1.4848066666666668,4942.927409173552,-0.012285030202860413,3.4772519694939525,0.06884781413023526,5546.508722437493,-0.00037467130130389083,3.404956577249728,-1.484806666666668,1069.7129582948078,-0.05328546268634548,3.941953245209023,0.1750875145857711,1867.198347870271,0.04674829056378882,4.185725479164065,-1.4848066666666675,110.23785013340905,0.08435077550816725,3.65820193881294,-0.06938230383973204,193.78874078736447,0.12160480650313944,3.8087464444179897,0.34811531669634255,0.16121877035441642,0.12100699938292886,0.0920320158683747,0.06555171895923596,0.05868719575359916,0.038335199356517885,0.04397255037142332,0.040161857133337725,0.030918376123823723
Adele\01 Hometown Glory.mp3,-2.1171883333333334,5293.6691931068535,0.4735886513706223,4.978067392753427,0.002408337347228912,3030.0292360291105,0.8456039215679911,14.037233270194681,-2.1171883333333366,3393.9942035028666,0.13266607093422733,3.8007431503316464,-0.012441874031233566,5186.783493777548,-0.000934927267168096,4.477544993728486,-2.1171883333333334,331.45949968084767,-0.0704571589028347,3.9176272123985503,-0.00037339556592845205,526.1189268494899,-0.08790650585915202,4.153661151769655,-2.117188333333333,44.77704462835316,-0.05397427496382741,3.524388930790436,-0.05309515859766221,75.1519578731624,0.18865716870345342,3.7339689324798795,0.2539781783197033,0.22720753169836305,0.16730952809424243,0.1160010413692238,0.062311325554542496,0.05363917509001657,0.032770536408597055,0.028969364347109818,0.039070262886896835,0.01874305623130461
Adele\03 Don't You Remember.mp3,-5.919546666666666,6400.256047984898,0.210827572431977,3.8005930825725374,0.006868344780574635,4127.738040270164,0.41203596454669855,7.1742914508952165,-5.919546666666671,4549.553320349108,-0.008190853199207954,3.856293226439393,0.15060417673628196,5086.124000730921,0.05370251808022214,3.6093876997312173,-5.919546666666666,1233.6058970733702,0.07703878615099173,2.9934678496890146,0.10448574762461307,2230.9856200661375,0.04769986012822873,3.1069839878179075,-5.919546666666667,110.97303907546413,-0.20363997829553981,3.7629904806309433,-0.18382637729549503,186.61401448692104,0.10108696189627113,3.581231976394279,0.2587194258796179,0.19173268985465627,0.11133482536632346,0.11023778068391922,0.07192206017577739,0.07098523963699761,0.046546348992742154,0.06698411045584607,0.053547697589607354,0.01798982136451277
